item_id,handle,annotator3_label,all4_llm_label,sentence_text
1704474199015014626:0,ShahBalen,positive,negative,यति भन्दै गर्दा शिक्षकले स्कुल बन्द गरेर पठन पाठनमा अबरोध नपुराउनु होला ।
2082879973795500525:0,thapagk,negative,positive,सामाजिक सद्भाव र भाइचारा कायम राख्न म सबैमा हार्दिक अपिल गर्दछु।
2082131688398967085:0,thapagk,negative,positive,सबैमा संयमित भएर सामाजिक सद्भाव कायम राख्न हार्दिक अपिल गर्दछु।
1825882744347349200:0,thapagk,negative,positive,क्रिकेटको क्रेज यसरी स्थानीय स्तरसम्म बिस्तार भएको देख्दा खुसी लाग्यो।
1769687645666299930:0,thapagk,positive,strongly_negative,नक्कली भुटानी शरणार्थी प्रकरण बाँसबारी छाला जुत्ता प्रकरण टेरामेक्स एनसेल सुन काण्ड सहकारी काण्ड आदिमा संलग्न भएको एकजनाले पनि उन्मुक्ति नपाओस्।
2005066411857887646:0,hamrorabi,positive,negative,सहमति भनेको नेताले खोजेको जस्तो होइन देशलाई चाहिएको जस्तो हुनु पर्छ ।
1702241547817988441:3,hamrorabi,positive,strongly_negative,चिकित्सक कुट्ने माथि कडा भन्दा कडा कारवाही होस्।
1588898594266165249:1,hamrorabi,negative,strongly_positive,नेपाल खुल्ला छ भन्दै बन्दकर्तालाई निरुत्साहित गर्ने अभियन्ता प्रति कृतज्ञता र श्रद्धाञ्जली।हामी तपाईँको बाँकी यात्रा पुरा गर्ने बाटोमा छौ।
1581484408322035712:0,hamrorabi,negative,strongly_positive,श्रद्धेय शताब्दी पुरुष सत्यमाेहन जाेशी ज्यु प्रति भावपुर्ण श्रद्धाञ्जलि अर्पण गर्दछु युग युग सम्म कसैले कहिले नभुल्ने मान्छे भएर तपाई सदा सर्वदा बाचिरहनु हुनेछ।
1531688389119922176:0,hamrorabi,positive,negative,एयरपोर्ट मा लगेज चोरी निकै पुरानो विषय बनेको छ।
1404991214206677000:0,hamrorabi,positive,negative,इन्द्रावती र मेलम्ची नदीमा आएको भीषण बाढीले मेलम्ची बजार लागायतका क्षेत्रमा निकै क्षति पुगेका अप्रिय खबर आइरहेका छन्।सरकारले यथाशीघ्र उद्धार राहत कार्य अघि बढाओस्।
1375535229608280071:2,hamrorabi,negative,strongly_positive,नविन्द्र राज जोशी अहिले देखिएका प्रायः सबै राजनीतिज्ञहरुको तुलनामा हरेक अर्थमा कयौं गुणा बढी उचाईमा थिए रहिरहन्छन्।अलबिदा आदरणीय नेता ज्यु।
2003266531258704215:0,SwarnimWagle,positive,strongly_negative,अगाडिको उज्यालो बाटो भदौ २३ गतेको नरसंहारका लागि जिम्मेवार एमाले कांग्रेस सरकार र तिनै दुई दलको बर्चस्व रहेको पछिल्लो संसदको वैधता पूर्णत सकिएकोले त्यसको पुनर्स्थापना हुँदैन।
1914528433067188286:0,SwarnimWagle,positive,negative,नैतिकता बौद्धिकता र अनुभवबाट खारिएर आएको पूँजीमा टेकेर आँखामा आँखा जुधाएर कूटनीतिक अभ्यास गर्नुपर्ने थियो।
2051885928160055594:1,brb1954,positive,negative,तर एउटा अत्यावश्यक मन्त्रालय असावधानीवश हो या जानीजानीकन छुटेकोमा त्यस क्षेत्रको विद्यार्थीको नाताले र देशको दिगो विकासको हितैषीको नाताले सरकारको गम्भीर ध्यानाकर्षण गराउन चाहन्छु।
1993706385872495071:0,brb1954,positive,strongly_negative,सारा देश र अन्तर्राष्ट्रिय जगत समेत हल्लाउने गरी भएको जेन जी विद्रोहपछि देशका राजनीतिक आर्थिक प्रशासनिक सुरक्षा परराष्ट्र लगायत सबै क्षेत्रमा महत्वपूर्ण अग्रगामी रूपान्तरण र सुधारकानिम्ति गम्भीर विमर्श र पहल हुनुपर्नेमा सबैजना सुतुरमूर्गले बालुवामा टाउको घुसारेर सुरक्षित ठाने
1619896965978009600:0,SherBDeuba,negative,strongly_positive,लोकतन्त्र प्राप्ति नागरिक स्वतन्त्रता लगायतका बिभिन्न आन्दोलनमा आफ्नो अमूल्य जीवन उत्सर्ग गर्ने ज्ञात अज्ञात शहीदप्रति भावपूर्ण श्रद्धाञ्जली अर्पण गर्दछु।
1892033215730155883:0,kpsharmaoli,negative,strongly_positive,फागुन ७ गते नेपाली जनताको बलिदानपूर्ण संघर्षले रैतीबाट जनताको दर्जा प्राप्त गरेको ऐतिहासिक दिन ७५औँ राष्ट्रिय प्रजातन्त्र दिवसको हार्दिक शुभकामना शहीद शुक्रराज दशरथ धर्मभक्त गंगालालसहित सम्पूर्ण अमर शहीदहरुप्रति श्रद्धाञ्जली प्रजातन्त्रदिवस
1327427326036959232:0,kpsharmaoli,negative,strongly_positive,नेपाली साहित्यका शिखर व्यक्तित्व महाकवि लक्ष्मीप्रसाद देवकोटाको १११ औं जन्मजयन्तिको पावन अवसरमा महाकविप्रति हार्दिक श्रद्धाञ्जलि अर्पण गर्दछु ।
2048581024461066718:0,Jhakri_didi,positive,negative,सधै समस्या गाजेर राखेर हुदैन।
2037359645250167183:1,Jhakri_didi,positive,negative,ध्वंसबाट निर्माण हुन्छ भन्ने कुरा सापेक्षित कुरा हो।यहि रटान देखिन्छ।
2013475207588057564:1,Jhakri_didi,positive,strongly_negative,सबै देशभक्त नेपालीहरू देश जलाउनेको विरद्ध मोर्चा कसौं।
2004863773824418011:0,Jhakri_didi,positive,negative,राज्य राजनितिक निषेधले होईन सम्वाद र सहकार्यले मात्र संचालन गर्न सकिन्छ भन्ने कुरा बुझ्न पनि समय नै पर्खिन पर्ने रहेछ।
2004863773824418011:1,Jhakri_didi,positive,negative,यो ढिलो सुरूवात भयो अब मार्ग प्रशस्त गर्न पनि ढिलो गर्नुहुन्न।
2019808215928889674:0,Jhakri_didi,positive,strongly_negative,आज देशले लुकेर जनतालाई त्रसित पार्ने लुसिफर खोजेको होइन।
1989310380179399028:2,Jhakri_didi,positive,negative,यदि गति छैन भने ढिलो वा चाडो जीवन होस वा अस्तित्व समाप्त हुन्छ।
1966067348609314885:1,Jhakri_didi,positive,negative,पूर्व प्रधानमन्त्रीहरूले सक्रिय राजनीतिबाट बिदा लेऊ ।
1696368971799527627:2,Jhakri_didi,positive,negative,यसमा घ्यू थप्ने काम कसैले नगरौँ।
1619948129331331073:0,Jhakri_didi,negative,strongly_positive,सहिद दिवश आजको खुला समाज ब्यवस्थाको लागि आफ्नो जीवन उत्सर्ग गर्ने महान सहिदहरू शुक्रराज शास्त्री गंगालाल श्रेष्ठ धर्म भक्त माथेमा र दशरथ चन्दप्रति हार्दिक श्रद्धा सुमन।साथै सबै प्रकारका संघर्ष र विद्रोहमा जीवन आहुति गर्ने सम्पूर्ण ज्ञात अज्ञात सहिदहरूप्रति हार्दिक श्रद्धान्जली
2032644897967321558:1,BinodKChaudhary,negative,positive,दिवंगत आत्माको चिरशान्तिको कामना गर्दै भावपूर्ण श्रद्धाञ्जली अर्पण गर्दछु।
1963483069257576788:3,BinodKChaudhary,positive,negative,किसानहरू फेरी आन्दोलनमा आउन नपरोस ।
1844242650901381582:0,BinodKChaudhary,negative,strongly_positive,को पूरे भारत में ही नहीं पूरी दुनिया में लेकर गए रतन टाटा सिर्फ मुनाफे का ही नहीं मानवता का भी रखा ध्यान
2078370457355694131:4,sudheerktm,positive,negative,गम्भीर बिषयलाई समेत हँसी मजाक गर्दै
1985701661059514750:0,sudheerktm,positive,negative,नेपालको भु राजनीतिमा हाम्रो छिमेकी देशहरूले सयांै बर्ष देखि कसरी चलखेल गरे को यो पढ्न सुरु गर्नुहोस
1952561409562427429:1,sudheerktm,positive,negative,झन्डै आधा शताब्दीअघिको यो वृत्तान्त यति छिट्टै कुनै प्रागैतिहासिक कथाझैँ बनिहाल्छ भन्ने थिएन तर कथा बनिसकेको छ।
2089194113774289299:0,RabindraMishra,positive,strongly_negative,म जति पनि आँट नभएका हुतिहारा नेताहरू आँट सिक्ने भए बरू मकहाँ आउनोस्।
2088950722364932253:0,RabindraMishra,positive,strongly_negative,म जति पनि आँट नभएका हुतिहारा नेताहरू आँट सिक्ने भए बरू मकहाँ आउनोस्।
2089364807711355022:1,RabindraMishra,positive,negative,त्यो भनेको के हो प्रष्ट हुनुपर्यो नि नेताहरू बोल्न पर्यो नि।
2085014512042975423:0,RabindraMishra,negative,positive,यो अभियान मलाई मन पर्यो को तथ्याङ्क अनुसार कूल गार्हस्थ उत्पादन मा पर्यटन क्षेत्रको प्रत्यक्ष अप्रत्यक्ष योगदान तलका केही देशहरूमा निम्न अनुसार छ मल्दिभ्स ५८ थाईलण्ड १३ कम्बोडिया १० नेपाल ६ ५ हामीले जान्नुमात्र पर्यो
2079751367481258380:0,RabindraMishra,positive,strongly_negative,आत्मालाई कालोमोसो तस्विरमा माल्यार्पण वीपी कोइरालाको आत्मामा कालोमोसो दलेर वीपीको तस्विरमा माल्यार्पण गर्ने नेपाली कांग्रेस प्रचण्डवादी हरूको सदवुद्धी फिरोस् वीपी स्मृति दिवसको हार्दिक मंगलमय शुभकामना एकजना राजासँगको रिसले प्रचण्डवादी बनेको कांग्रेसमा वीपीवाद को
2077635625373888608:1,RabindraMishra,positive,negative,राजदूत नियुक्तिले पनि सकारात्मक प्रतिकृया जन्माउने कमै संभावना छ।
